n_deaths,mean_distance_to_curvature,median_distance_to_curvature,pct_within_20px,pct_within_30px,pct_within_40px
520,40.414216592794624,42.68816251664356,0.015384615384615385,0.12884615384615383,0.36346153846153845
