aperture,body_size,clearance_ratio,success
4,15,0.26666666666666666,False
6,15,0.4,False
8,15,0.5333333333333333,False
10,15,0.6666666666666666,False
12,15,0.8,False
14,15,0.9333333333333333,False
16,15,1.0666666666666667,True
20,15,1.3333333333333333,True
26,15,1.7333333333333334,True
